Summary,Issue Type,Priority,Status,Assignee,Reporter,Components,Labels,Description
"EPIC-1: Production Deployment Setup","Epic","Critical","Not Started","","","Infrastructure, Deployment","production, railway, deployment","Coordinate all infrastructure setup tasks for production deployment. Includes Railway setup, database provisioning, secrets, and environment variables."
"TASK-1.1: Railway Infrastructure Setup","Task","Critical","Not Started","","EPIC-1","Railway","infrastructure, deployment","Create Railway projects for api-gateway, kyc-service, bank-adapter, and reporter. Link GitHub and enable auto-deploy. Est: 1 day"
"TASK-1.2: Database Provisioning","Task","Critical","Not Started","","EPIC-1","Database","infrastructure, database, postgresql","Provision production PostgreSQL database, enable SSL, create schema, generate DATABASE_URL. Est: 1 day"
"TASK-1.3: Secrets Generation & Management","Task","Critical","Not Started","","EPIC-1","Security","secrets, production, security","Generate AUTH_TOKEN_SECRET and SUPABASE_JWT_SECRET, store in Railway Variables (encrypted). Est: 0.5 day"
"TASK-1.4: Environment Variables Configuration","Task","Critical","Not Started","","EPIC-1","Configuration","env-vars, production, configuration","Set all required environment variables in Railway dashboard for all 4 services. Verify Zod validation. Est: 0.5 day"
"EPIC-2: Solana Configuration","Epic","High","Blocked","","","Solana, Configuration","solana, blockchain, configuration","Configure Solana integration. Blocked until product team provides program IDs and RPC endpoint decision."
"TASK-2.1: Verify Solana RPC Configuration","Task","High","Blocked","","EPIC-2","Solana","solana, rpc, configuration","Decide devnet vs mainnet, test SOLANA_RPC_URL connectivity. Blocked on product decision. Est: 1 day"
"TASK-2.2: Provide Solana Program IDs","Task","High","Blocked","","EPIC-2","Solana","solana, program-ids, configuration","Product team must provide PROGRAM_ID_WALLET_WHITELIST and PROGRAM_ID_COMPLIANCE_REGISTRY. Blocker for deployment. Est: 1 day"
"TASK-2.3: Solana Authority Configuration","Task","Medium","Blocked","","EPIC-2","Solana","solana, kms, security","Decide filesystem vs KMS signing, configure authority keypair. Needs security/ops decision. Est: 0.5 day"
"EPIC-3: Deployment & Testing","Epic","High","Not Started","","","Testing, Deployment","testing, deployment, validation","Execute deployment to Railway and perform comprehensive testing. Dependent on EPIC-1 and EPIC-2."
"TASK-3.1: Deploy to Railway","Task","High","Not Started","","EPIC-3","Deployment, Testing","deployment, railway, testing","Push code to GitHub, monitor Railway deployment. All 4 services must start successfully. Est: 1 day"
"TASK-3.2: Health Check Verification","Task","High","Not Started","","EPIC-3","Testing, Health","health-checks, testing, verification","Verify all /api/health endpoints return 200. Verify Railway marks services as Healthy. Est: 0.5 day"
"TASK-3.3: End-to-End API Testing","Task","High","Not Started","","EPIC-3","Testing, API","api-testing, authentication, validation","Test auth flow, user creation, JWT tokens, protected endpoints, error handling. Est: 2 days"
"TASK-3.4: Database Connectivity Testing","Task","High","Not Started","","EPIC-3","Testing, Database","database-testing, connectivity, validation","Verify api-gateway connects to database, seed users created, SSL connection working. Est: 1 day"
"EPIC-4: Security & Compliance","Epic","High","Not Started","","","Security, Compliance","security, compliance, audit","Perform security audit and compliance verification. Ensure production-ready security posture."
"TASK-4.1: Security Audit","Task","High","Not Started","","EPIC-4","Security","security-audit, jwt, cors, injection","Audit JWT implementation, CORS, rate limiting, input validation, SQL injection protection. Est: 3 days"
"TASK-4.2: Compliance Verification","Task","High","Not Started","","EPIC-4","Compliance","compliance, kyc, aml, gdpr","Verify KYC/AML workflows, MICA reporting, GDPR compliance, audit logging. Est: 2 days"
"TASK-4.3: Rate Limiting & DDoS Protection","Task","Medium","Not Started","","EPIC-4","Security","rate-limiting, ddos-protection, security","Configure API rate limiting, request throttling, Railway DDoS protection. Est: 1 day"
"EPIC-5: Monitoring & Observability","Epic","Medium","Not Started","","","Monitoring, Observability","monitoring, observability, logging","Set up comprehensive monitoring, error tracking, and logging. Enable production-grade observability."
"TASK-5.1: Error Tracking Setup (Sentry)","Task","High","Not Started","","EPIC-5","Monitoring","sentry, error-tracking, observability","Create Sentry project, set SENTRY_DSN, configure alerts. Enable error visibility in production. Est: 1 day"
"TASK-5.2: Metrics & Performance Monitoring","Task","Medium","Not Started","","EPIC-5","Monitoring","metrics, performance, observability","Configure metrics collection, Railway dashboard, performance baselines, alerting. Est: 1 day"
"TASK-5.3: Log Aggregation & Analysis","Task","Medium","Not Started","","EPIC-5","Logging","logging, aggregation, observability","Set up centralized logging, retention policy, log search, alerts. Est: 1 day"
"EPIC-6: Documentation & Handoff","Epic","Medium","Partial","","","Documentation","documentation, handoff, procedures","Create production documentation, runbooks, and operational procedures. Enable team handoff."
"TASK-6.1: API Documentation","Task","Medium","Not Started","","EPIC-6","Documentation","api-docs, openapi, swagger","Generate OpenAPI specs, document endpoints, examples, error codes. Est: 2 days"
"TASK-6.2: Runbooks & Procedures","Task","Medium","Not Started","","EPIC-6","Documentation","runbooks, procedures, operations","Write deployment, troubleshooting, incident response, and rollback procedures. Est: 1 day"
"TASK-6.3: Operations Handoff","Task","Medium","Not Started","","EPIC-6","Documentation","handoff, training, operations","Train operations team, ensure system access, knowledge transfer complete. Est: 1 day"
"EPIC-7: Optional Enhancements (Post-MVP)","Epic","Low","Not Started","","","Enhancements","enhancements, optional, post-mvp","Post-MVP enhancements including external services, performance optimization, dashboard."
"TASK-7.1: External Service Integration","Task","Low","Not Started","","EPIC-7","Integration","redis, supabase, kyc-providers, amina","Configure Redis, Supabase, KYC providers (SumSub, Jumio), AMINA bank integration. Est: 2 days"
"TASK-7.2: Performance Optimization","Task","Low","Not Started","","EPIC-7","Performance","performance, optimization, load-testing","Perform load testing, identify bottlenecks, optimize queries, configure caching. Est: 2 days"
"TASK-7.3: Dashboard Service Production Setup","Task","Low","Not Started","","EPIC-7","Dashboard, Deployment","dashboard, production, deployment","If dashboard needed for MVP: create start:prod script, configure deployment, test. Est: 1 day"
"BUG-001: Health Endpoint Returns 401","Bug","Critical","Fixed","","","API Gateway, Auth","bug, fixed, health-check","Fixed: Health endpoint was returning 401 instead of 200. Solution: Added hardcoded public routes list as fallback."
"BUG-002: Silent Startup Crash","Bug","Critical","Fixed","","","API Gateway, Database","bug, fixed, startup","Fixed: App crashed on startup if database unavailable. Solution: Deferred database initialization to first request."
"BUG-003: JWT Guard TypeScript Error","Bug","High","Fixed","","","API Gateway, Auth","bug, fixed, typescript","Fixed: Optional chaining with generics not supported. Solution: Used type assertion."
"RISK-001: No Database Connection","Risk","Critical","Open","","","Database, Infrastructure","risk, database, blocker","No DATABASE_URL provided. Blocker for api-gateway deployment."
"RISK-002: No AUTH_TOKEN_SECRET","Risk","Critical","Open","","","Security, Configuration","risk, security, blocker","No AUTH_TOKEN_SECRET generated. Blocker for authentication."
"RISK-003: Missing Solana Program IDs","Risk","High","Open","","","Solana, Configuration","risk, solana, blocker","PROGRAM_ID values not provided. Blocker for Solana features."
"RISK-004: No Security Audit","Risk","High","Open","","","Security, Compliance","risk, security, compliance","Production code not security-audited. Operational risk."
"RISK-005: No Monitoring","Risk","Medium","Open","","","Monitoring, Observability","risk, monitoring, observability","No error tracking or comprehensive monitoring. Operational risk."
"CONFIG-001: API Gateway Configuration","Config","High","Ready","","","API Gateway","configuration, production","11 required environment variables needed: NODE_ENV, AUTH_TOKEN_SECRET, DATABASE_URL, user seeds, SOLANA_RPC_URL, PROGRAM_ID_WALLET_WHITELIST"
"CONFIG-002: KYC Service Configuration","Config","High","Partial","","","KYC Service","configuration, production","3 required: NODE_ENV, SOLANA_RPC_URL, PROGRAM_ID_COMPLIANCE_REGISTRY. Optional: KYC providers."
"CONFIG-003: Bank Adapter Configuration","Config","Medium","Ready","","","Bank Adapter","configuration, production","1 required: NODE_ENV. Optional: AMINA bank credentials."
"CONFIG-004: Reporter Configuration","Config","Medium","Ready","","","Reporter","configuration, production","1 required: NODE_ENV. No optional variables."
"DOC-001: Complete Environment Variables Guide","Documentation","High","Done","","","Documentation","documentation, done","10,800+ word comprehensive guide covering all services, security practices, local dev, validation rules."
"DOC-002: Quick Reference Tables","Documentation","High","Done","","","Documentation","documentation, done","Quick lookup tables with copy-paste .env templates, common values, port strategy."
"DOC-003: Production Deployment Guide","Documentation","High","Done","","","Documentation","documentation, done","Complete Railway deployment guide with troubleshooting, health checks, features."
"DOC-004: Project Status Report","Documentation","Medium","Done","","","Documentation","documentation, done","Comprehensive status report with what's done, not done, Jira-style issues, timeline."
